CREATE DATABASE lab12;

CREATE TABLE lab12.ПОСТАВЩИКИ_S (
 P VARCHAR(10) PRIMARY KEY NOT NULL,
 Имя_P VARCHAR(10),
 Статус INT CHECK(Статус >0),
 Город VARCHAR(25)
);

CREATE TABLE lab12.ДЕТАЛИ_P (
 D VARCHAR(10) PRIMARY KEY NOT NULL,
    Имя_D VARCHAR(25),
    Цвет VARCHAR(25),
    Размер INT CHECK(Размер>0),
    Город VARCHAR(25)
);

CREATE TABLE lab12.ПРОЕКТ_G (
 PR VARCHAR(10) PRIMARY KEY NOT NULL,
    Имя_PR VARCHAR(25), 
    Город VARCHAR(25)
);

CREATE TABLE lab12.SPJ (
 P_id VARCHAR(25) REFERENCES поставщики_s(P),
 D_id VARCHAR(25)  REFERENCES детали_p(D),
 PR_id VARCHAR(25)  REFERENCES проект_g(PR),
 S INT CHECK(S > 0) ,
 PRIMARY KEY (P_id, D_id, PR_id)
);

INSERT INTO lab12.ПОСТАВЩИКИ_S (P, Имя_P, Статус, Город)
 VALUES
 ('П1', 'Петров', 20, 'Москва'),
 ('П2', 'Синицин', 10, 'Таллинн'),
 ('П3', 'Федоров', 30, 'Таллинн'),
 ('П4', 'Чаянов', 20,  'Минск'),
 ('П5', 'Крюков', 30, 'Киев');
 
 INSERT INTO lab12.ДЕТАЛИ_P (D, Имя_D, Цвет, Размер, Город)
 VALUES
 ('Д1', 'Болт', 'Красный', 12, 'Москва'),
 ('Д2', 'Гайка', 'Зеленая', 17, 'Минск'),
 ('Д3', 'Диск', 'Черный', 17, 'Вильнюс'),
 ('Д4', 'Диск', 'Черный', 14, 'Москва'),
 ('Д5', 'Корпус', 'Красный', 12, 'Минск'),
 ('Д6', 'Крышки', 'Красный', 19, 'Москва');
 
 INSERT INTO lab12.ПРОЕКТ_G (PR, Имя_PR, Город)
 VALUES 
 ('ПР1', 'ИПР1', 'Минск'),
 ('ПР2', 'ИПР2', 'Таллинн'),
 ('ПР3', 'ИПР3', 'Псков'),
 ('ПР4', 'ИПР4', 'Псков'),
 ('ПР5', 'ИПР5', 'Москва'),
 ('ПР6', 'ИПР6', 'Саратов'),
 ('ПР7', 'ИПР7', 'Москва');
 
 INSERT INTO lab12.SPJ (P_id, D_id, PR_id, S) 
 VALUES 
('П1', 'Д1',   'ПР1',  200),
('П1', 'Д1', 'ПР2', 700),
('П2', 'Д3', 'ПР1', 400),
('П2', 'Д2', 'ПР2', 200),
('П2', 'Д3', 'ПР3', 200),
('П2', 'Д3', 'ПР4', 500),
('П2', 'Д3', 'ПР5', 600),
('П2', 'Д3', 'ПР6', 400),
('П2', 'Д3', 'ПР7', 800),
('П2', 'Д5', 'ПР2', 100),
('П3', 'Д3', 'ПР1', 200),
('П3', 'Д4', 'ПР2', 500),
('П4', 'Д6', 'ПР3', 300),
('П4', 'Д6', 'ПР7', 300),
('П5', 'Д2', 'ПР2', 200),
('П5', 'Д2', 'ПР4', 100),
('П5', 'Д5', 'ПР5', 500),
('П5', 'Д5', 'ПР7', 100),
('П5', 'Д6', 'ПР2', 200),
('П5', 'Д1', 'ПР2', 100),
('П5', 'Д3', 'ПР4', 200),
('П5', 'Д4', 'ПР4', 800),
('П5', 'Д5', 'ПР4', 400),
('П5', 'Д6', 'ПР4', 500);